{
  "name": "bbox",
  "in": "query",
  "description": "Only features that have a geometry that intersects the bounding box are selected.\nThe bounding box is provided as four or six numbers, depending on whether the\ncoordinate reference system includes a vertical axis (height or depth):\n* Lower left corner, coordinate axis 1\n* Lower left corner, coordinate axis 2\n* Minimum value, coordinate axis 3 (optional)\n* Upper right corner, coordinate axis 1\n* Upper right corner, coordinate axis 2\n* Maximum value, coordinate axis 3 (optional)\nThe coordinate reference system of the values is WGS 84 longitude/latitude\n(http://www.opengis.net/def/crs/OGC/1.3/CRS84) unless a different coordinate\nreference system is specified in the parameter `bbox-crs`.\nFor WGS 84 longitude/latitude the values are in most cases the sequence of\nminimum longitude, minimum latitude, maximum longitude and maximum latitude.\nHowever, in cases where the box spans the antimeridian the first value\n(west-most box edge) is larger than the third value (east-most box edge).\nIf the vertical axis is included, the third and the sixth number are the\nbottom and the top of the 3-dimensional bounding box.\nIf a feature has multiple spatial geometry properties, it is the decision of the\nserver whether only a single spatial geometry property is used to determine\nthe extent or all relevant geometries.",
  "required": false,
  "schema": {
    "type": "array",
    "oneOf": [
      {
        "minItems": 4,
        "maxItems": 4
      },
      {
        "minItems": 6,
        "maxItems": 6
      }
    ],
    "items": {
      "type": "number"
    }
  },
  "style": "form",
  "explode": false
}