{
  "name": "corridor-height",
  "in": "query",
  "description": "height of the corridor and the units of the height value\n\nThe height value represents the whole height of the corridor where\nthe trajectory supplied in the `coords` query parameter is the centre\npoint of the corridor\n\n`corridor-height={height}/{units}`\n\ne.g.  corridor-height=100/m\n\nWould be a request for a corridor 100m high with the coords parameter values being the centre point of the requested corridor, \nthe request would be for data values 50m either side of the trajectory coordinates defined in the coords parameter. \n\nThe height units supported by the collection will be provided in the API metadata responses\n",
  "required": true,
  "schema": {
    "type": "string"
  }
}
