{
  "type": "object",
  "required": [
    "type",
    "geometries"
  ],
  "properties": {
    "type": {
      "type": "string",
      "enum": [
        "GeometryCollection"
      ]
    },
    "geometries": {
      "type": "array",
      "items": {
        "oneOf": [
          {
            "$ref": "pointGeoJSON.json"
          },
          {
            "$ref": "multipointGeoJSON.json"
          },
          {
            "$ref": "linestringGeoJSON.json"
          },
          {
            "$ref": "multilinestringGeoJSON.json"
          },
          {
            "$ref": "polygonGeoJSON.json"
          },
          {
            "$ref": "multipolygonGeoJSON.json"
          },
          {
            "$ref": "geometrycollectionGeoJSON.json"
          }
        ]
      }
    }
  }
}