{
  "type": "object",
  "required": [
    "type",
    "coordinates"
  ],
  "properties": {
    "type": {
      "type": "string",
      "enum": [
        "MultiPolygon"
      ]
    },
    "coordinates": {
      "type": "array",
      "items": {
        "type": "array",
        "items": {
          "type": "array",
          "minItems": 4,
          "items": {
            "type": "array",
            "minItems": 2,
            "items": {
              "type": "number"
            }
          }
        }
      }
    }
  }
}